,label,centroid-0,centroid-1,cy5_filled_area,cy5_min_intensity,cy5_mean_intensity,cy5_max_intensity,cy5_sum_intensity
0,1,3.7418032786885247,1048.4590163934427,244,991,1124.0,1364,274330.0
1,2,4.608870967741935,1087.4516129032259,248,1024,1220.0,2584,302615.0
2,3,15.94572864321608,178.19798994974875,995,889,991.0,1316,985592.0
3,4,15.204399633363886,208.25389550870761,1091,874,1004.0,1399,1094912.0
4,5,6.452727272727273,1117.2872727272727,550,1058,1470.0,2173,808326.0
5,6,21.011494252873565,17.480943738656986,1653,909,1109.0,2175,1832526.0
6,7,13.348142164781907,1015.8642972536348,1238,906,1063.0,1408,1316127.0
7,8,16.81930693069307,1054.4133663366338,404,949,1090.0,2011,440216.0
8,9,20.64318747776592,523.1120597652081,2811,828,976.0,1717,2743420.0
9,10,15.18609865470852,1072.7286995515694,446,1043,1599.0,4447,713352.0
10,11,21.53723404255319,1091.1037234042553,376,1017,1126.0,1672,423521.0
11,12,18.205128205128204,1129.5155195681511,741,1080,1500.0,2211,1111160.0
12,13,16.56988082340195,1210.9577464788733,923,913,1213.0,2496,1119487.0
13,14,19.989802421924793,369.63224984066284,1569,853,934.0,1428,1465636.0
14,15,21.426600441501105,410.61975717439293,1812,799,938.0,1877,1700539.0
15,16,19.531057373162636,325.73731626363207,2109,841,947.0,1360,1996339.0
16,17,28.45869947275923,453.9912126537786,2845,789,942.0,1879,2680433.0
17,18,40.62862930452397,1028.7501688048617,1481,870,1008.0,1336,1492890.0
18,19,35.38631790744467,1100.1066398390342,497,1000,1180.0,1467,586645.0
19,20,42.63579604578564,1067.4609781477627,961,890,1125.0,2440,1081254.0
20,21,26.846865364850977,1190.9434737923946,973,988,1647.0,2832,1602699.0
21,22,31.975981524249423,260.7866050808314,2165,880,988.0,2088,2138918.0
22,23,41.505285412262154,1121.479915433404,473,1121,1471.0,2828,696016.0
23,24,38.72134387351779,1146.800395256917,1012,1270,2085.0,11851,2109583.0
24,25,43.382373351839,288.2081887578071,1441,850,997.0,1488,1436849.0
25,26,42.23476968796434,1170.4502228826152,673,1032,1689.0,2651,1136385.0
26,27,48.504893238434164,213.38834519572953,2248,873,1025.0,2252,2304234.0
27,28,53.36780821917808,390.99246575342465,1460,790,930.0,1166,1357450.0
28,29,57.11615588346576,489.80211880438895,2643,808,951.0,1466,2513225.0
29,30,58.045506257110354,1211.9226393629124,879,867,1022.0,3094,898428.0
30,31,55.65217391304348,1188.0869565217392,414,954,1145.0,1680,473911.0
31,32,63.237638376383764,310.0612546125461,1355,839,990.0,1309,1341027.0
32,33,56.9097651421508,1102.1310259579727,809,961,1314.0,3513,1063139.0
33,34,63.926448736998516,337.7778603268945,1346,843,936.0,1130,1259604.0
34,35,64.85454545454546,1159.409090909091,440,1040,1571.0,10176,691447.0
35,36,64.93367970660147,38.321515892420535,3272,875,1187.0,3444,3882361.0
36,37,70.69613259668509,1139.828729281768,543,1183,2596.0,7137,1409484.0
37,38,76.65426880811496,368.43364327979714,1183,828,986.0,1333,1166737.0
38,39,78.66896551724138,1185.103448275862,725,906,1057.0,1345,766012.0
39,40,76.86119873817034,1100.3454258675079,634,929,1064.0,1220,674883.0
40,41,85.74448897795591,222.46693386773546,1996,854,987.0,1530,1970047.0
41,42,76.30778443113772,1062.62874251497,835,908,1044.0,1219,871969.0
42,43,74.40542832909244,1033.3528413910094,1179,870,1030.0,1384,1214723.0
43,44,82.14808652246256,1124.0066555740432,601,951,1600.0,6259,961323.0
44,45,88.4322033898305,1165.4555084745762,472,946,1147.0,3132,541360.0
45,46,91.5048010973937,262.90306355738454,2187,833,990.0,1591,2165655.0
46,47,84.91734197730956,1079.317666126418,617,933,1067.0,2768,658266.0
47,48,95.4641693811075,167.493213897937,3684,853,1048.0,2911,3859700.0
48,49,87.36030103480715,398.5606773283161,1063,792,1140.0,3037,1211634.0
49,50,95.19899244332494,1150.8992443324937,397,961,1540.0,5562,611447.0
50,51,98.93849206349206,1029.3849206349207,1008,849,1047.0,1313,1055455.0
51,52,99.176428054953,1206.2740419378163,1383,871,1005.0,1246,1390483.0
52,53,101.53073770491804,1094.8504098360656,488,925,1059.0,1292,516692.0
53,54,101.84408992023205,18.017403915881072,1379,893,1120.0,3419,1544207.0
54,55,109.72948781700646,341.1228244654401,2011,864,1016.0,1975,2042915.0
55,56,107.08823529411765,1137.4117647058824,476,923,1307.0,4341,622299.0
56,57,109.54489164086688,1117.405572755418,646,899,1047.0,1305,676681.0
57,58,103.12440516655336,421.7634262406526,1471,785,1007.0,2102,1481621.0
58,59,106.97197309417041,473.7888639760837,2676,810,1048.0,4459,2803303.0
59,60,124.8495197438634,398.0298826040555,937,801,1040.0,2787,974365.0
60,61,117.55817875210792,1077.5952782462057,593,997,1200.0,2235,711634.0
61,62,119.37053571428571,1178.2303571428572,1120,873,1028.0,1552,1151131.0
62,63,122.94794520547946,298.62157534246575,2920,845,1164.0,3708,3399186.0
63,64,116.86284722222223,1057.3628472222222,576,946,1415.0,3256,815064.0
64,65,126.67232074016962,1026.9360061680802,1297,855,1051.0,2397,1363364.0
65,66,127.26862026862027,1150.5225885225884,819,910,1057.0,1232,865529.0
66,67,132.09132161089053,372.241066364152,1763,823,1005.0,1574,1771140.0
67,68,126.35267998731366,58.79257849666984,3153,841,1022.0,1771,3221568.0
68,69,126.91054313099042,1101.4664536741213,626,939,1083.0,1420,677692.0
69,70,130.05136612021857,441.775956284153,1830,785,1371.0,5655,2508140.0
70,71,138.79656160458453,11.614135625596944,1047,871,1017.0,1296,1065084.0
71,72,142.55148342059337,1056.956369982548,573,995,1172.0,1873,671465.0
72,73,147.72769028871392,1210.9330708661416,1524,805,985.0,1249,1501270.0
73,74,148.40245775729647,1077.831029185868,651,983,1319.0,3571,858533.0
74,75,145.2484076433121,1120.0796178343949,628,937,1195.0,2829,750605.0
75,76,151.02155172413794,1100.323275862069,464,1003,1241.0,2777,575667.0
76,77,151.8525,1140.03875,800,923,1053.0,1320,842240.0
77,78,156.78658101356174,1179.5367594575303,1401,885,1012.0,1284,1417340.0
78,79,147.16096042685638,122.55713650511338,2249,869,1080.0,2177,2428373.0
79,80,169.3662817551963,1036.9635103926098,2165,862,1044.0,1506,2259618.0
80,81,171.26343381389253,1086.9619921363042,763,989,1133.0,2076,864509.0
81,82,167.7585692995529,98.86140089418778,671,930,1276.0,2928,855888.0
82,83,175.15748031496062,1117.896062992126,635,919,1100.0,1871,698404.0
83,84,178.228285077951,1151.7761692650333,898,920,1048.0,1810,941471.0
84,85,177.97,127.69,400,1028,1469.0,3341,587543.0
85,86,176.83510340972612,64.5612073784237,1789,887,1052.0,2534,1881911.0
86,87,180.97322540473226,156.47260273972603,1606,885,1168.0,3666,1876038.0
87,88,187.22259136212625,109.27906976744185,301,1109,1527.0,2583,459731.0
88,89,190.6637744034707,90.53362255965293,461,952,1324.0,2410,610370.0
89,90,202.3036496350365,1076.4481751824817,2055,888,1124.0,2101,2309501.0
90,91,195.63390313390315,1119.9843304843305,702,897,1080.0,1391,758422.0
91,92,194.52390180878552,1184.2596899224807,1548,870,1018.0,2301,1576418.0
92,93,196.55921052631578,124.67434210526316,304,1308,1978.0,3142,601388.0
93,94,197.90390173410404,642.4299132947976,1384,869,1158.0,3457,1602467.0
94,95,213.27572663000785,1151.0526315789473,1273,873,1056.0,1768,1344148.0
95,96,207.89504373177843,88.74344023323616,343,1006,1458.0,3209,499981.0
96,97,208.48985507246377,107.65507246376812,345,1451,2388.0,3423,823891.0
97,98,209.68373879641484,149.6978233034571,781,908,1348.0,2783,1052533.0
98,99,202.58851674641147,35.96514012303486,1463,887,1086.0,2398,1588756.0
99,100,207.2781954887218,615.8392857142857,1064,916,1524.0,3436,1621982.0
100,101,204.94063222821896,587.6915959907478,1297,901,1146.0,2544,1486042.0
101,102,216.0888888888889,125.03555555555556,225,1331,2289.0,3085,514948.0
102,103,213.73313995649022,1207.939811457578,1379,860,1015.0,2365,1399160.0
103,104,228.83747300215984,1112.4222462203024,1852,853,1063.0,1819,1968330.0
104,105,221.0169172932331,76.32330827067669,532,985,1285.0,3433,683603.0
105,106,225.40202702702703,114.7804054054054,296,1238,1863.0,3133,551521.0
106,107,227.92569382273948,645.7547000895255,1117,976,1539.0,3876,1719283.0
107,108,220.79524680073126,12.510054844606946,1094,912,1089.0,2013,1191505.0
108,109,229.2599531615925,52.50819672131148,854,981,1121.0,1574,957565.0
109,110,231.31473214285714,94.61607142857143,448,961,1486.0,4342,665577.0
110,111,239.00411522633746,145.82921810699588,1458,898,1182.0,2882,1723667.0
111,112,234.21511627906978,600.4869186046511,688,1029,1383.0,2178,951396.0
112,113,228.10425531914893,554.9170212765957,1410,880,1197.0,2542,1688102.0
113,114,230.62661870503598,708.3158273381295,1390,914,1166.0,2359,1620476.0
114,115,229.29023255813954,737.3311627906977,1075,863,1435.0,3321,1542312.0
115,116,254.41152263374485,115.88888888888889,1215,918,1211.0,2509,1471875.0
116,117,234.10014836795253,677.2640949554897,1348,911,1445.0,3487,1948503.0
117,118,244.19890510948906,578.5656934306569,548,971,2495.0,5504,1366987.0
118,119,254.64292980671414,1181.0681586978637,1966,890,1158.0,4636,2276139.0
119,120,259.0244897959184,1210.3934693877552,1225,913,1086.0,2575,1329775.0
120,121,247.58579881656806,761.2827087442472,1521,869,1728.0,5666,2628864.0
121,122,254.97319587628866,81.56288659793815,970,932,1911.0,4495,1853938.0
122,123,259.0486055776892,14.733067729083665,1255,897,1051.0,1765,1319117.0
123,124,255.89349112426035,53.530177514792896,845,943,1431.0,3016,1209548.0
124,125,259.727589208007,646.2750217580505,1149,950,1263.0,3038,1450670.0
125,126,265.3265885694001,1142.535676251331,2817,865,1260.0,5204,3550584.0
126,127,262.731884057971,580.286231884058,552,1151,1865.0,3751,1029230.0
127,128,253.25301970756516,491.8614113159568,1573,850,1063.0,1664,1672570.0
128,129,257.6050955414013,523.5820063694267,1256,931,1659.0,7319,2084238.0
129,130,262.688915375447,549.3551847437426,839,934,1222.0,2513,1024942.0
130,131,264.8546218487395,613.8436974789915,1190,990,1420.0,5698,1689935.0
131,132,274.37849017580146,732.6246122026887,967,1084,2291.0,4722,2215235.0
132,133,273.54460580912865,692.951244813278,964,995,1424.0,2168,1373073.0
133,134,278.6781857451404,713.1868250539957,926,949,1384.0,2553,1281723.0
134,135,262.08034744842564,875.7546145494028,1842,871,1106.0,2531,2037309.0
135,136,265.3038433647571,459.46047860768675,1379,833,1061.0,2477,1463388.0
136,137,277.1576227390181,670.9031007751938,774,978,1428.0,1875,1105121.0
137,138,281.6793220338983,39.11050847457627,1475,891,1136.0,2972,1674969.0
138,139,282.351598173516,592.9878234398782,657,985,1522.0,5111,999656.0
139,140,272.38122605363986,921.8912835249042,2088,904,1182.0,2627,2467298.0
140,141,275.3777134587554,816.7033285094067,1382,875,1170.0,2848,1617176.0
141,142,276.39929742388756,402.00644028103045,1708,830,1041.0,2527,1777767.0
142,143,291.7007376185458,97.17386722866175,1898,909,1924.0,7307,3650947.0
143,144,282.5109289617486,847.3943533697632,1098,876,1116.0,1870,1225715.0
144,145,289.3867362146051,759.74739195231,1342,994,1484.0,4161,1992155.0
145,146,290.02592592592595,486.6024691358025,810,916,1080.0,1708,874996.0
146,147,286.7238267148014,567.0595667870036,554,983,1205.0,1998,667518.0
147,148,287.3595113438045,1086.43904263276,4011,886,1085.0,2461,4350036.0
148,149,292.5176470588235,430.6258823529412,1275,865,1056.0,1712,1346782.0
149,150,296.03041825095056,545.8992395437263,526,1004,1361.0,2985,715925.0
150,151,296.5128571428571,451.51714285714286,700,902,1052.0,1738,736476.0
151,152,298.73,530.7683333333333,600,988,1296.0,3148,777318.0
152,153,295.77837837837836,782.9907335907336,1295,933,1128.0,1938,1460859.0
153,154,300.7886120996441,883.2256227758007,1405,906,1097.0,1807,1540984.0
154,155,294.97442922374427,961.9575342465754,2190,904,1497.0,7951,3279101.0
155,156,295.19778188539743,514.1977818853974,541,986,1213.0,2369,656227.0
156,157,293.44828755510343,1014.1386910817226,2949,868,1120.0,19078,3303136.0
157,158,307.0169133192389,804.3837209302326,946,933,1180.0,2030,1116158.0
158,159,310.6900647948164,61.74244060475162,1852,895,1205.0,4211,2231296.0
159,160,299.46515076618886,368.16707859614434,2023,871,1051.0,2195,2126086.0
160,161,297.2459330143541,635.7626794258373,1045,968,1123.0,2101,1173503.0
161,162,302.90132827324476,667.5132827324478,1054,971,1136.0,2192,1197488.0
162,163,308.6524390243902,585.5756097560976,820,953,1125.0,2191,922111.0
163,164,306.10199004975124,497.90547263681594,402,1026,1337.0,2155,537649.0
164,165,309.6748329621381,560.249443207127,449,1013,1279.0,4476,574432.0
165,166,315.93047696038803,835.6248989490704,1237,889,1114.0,2269,1377447.0
166,167,309.63498098859316,1209.756020278834,1578,855,1085.0,1649,1712181.0
167,168,314.65310650887574,10.934911242603551,1352,895,1018.0,1598,1376258.0
168,169,324.86949339207047,403.284140969163,1816,844,1006.0,1628,1827633.0
169,170,311.28526970954357,612.5840248962655,964,971,1147.0,2721,1105276.0
170,171,306.50884495317376,325.9313215400624,1922,831,1060.0,3089,2037693.0
171,172,314.99067005937235,915.9372349448686,1179,924,1194.0,2700,1407202.0
172,173,322.80717488789236,459.3781763826607,1338,878,1046.0,1853,1399272.0
173,174,321.6195219123506,501.0517928286853,502,1029,1210.0,3707,607503.0
174,175,326.98079385403327,655.3764404609475,781,985,1315.0,3850,1026979.0
175,176,330.8538205980066,559.5813953488372,903,923,1128.0,2888,1018189.0
176,177,322.927797833935,696.3935018050541,1385,951,1255.0,2336,1738010.0
177,178,326.61852861035425,728.3910081743869,1468,926,1117.0,2198,1639394.0
178,179,330.3299418604651,527.5959302325581,688,937,1167.0,5735,803014.0
179,180,329.25944170771754,1028.632183908046,1827,896,1096.0,1694,2003280.0
180,181,332.6604197901049,949.9205397301349,1334,855,1081.0,2089,1441975.0
181,182,337.1998097050428,1200.4015223596575,1051,893,1077.0,1721,1132297.0
182,183,336.3753894080997,315.7429906542056,642,930,1130.0,1983,725210.0
183,184,335.7638888888889,756.4425505050505,1584,889,1092.0,1572,1730420.0
184,185,341.42116868798234,626.5170893054025,907,965,1167.0,2223,1058682.0
185,186,337.4851778656126,1098.4627799736495,3036,885,1117.0,4494,3390189.0
186,187,339.72445019404915,483.7632600258732,773,912,1143.0,4077,883510.0
187,188,328.7231201686578,286.1349262122277,1423,868,1069.0,2252,1520545.0
188,189,340.32868525896413,901.339641434263,1004,907,1100.0,1603,1104482.0
189,190,335.04186952288217,866.3992210321325,1027,907,1107.0,1475,1137080.0
190,191,330.9855570839065,1172.0907840440166,1454,877,1099.0,2836,1597486.0
191,192,345.33266129032256,508.00201612903226,496,1030,1897.0,5586,940838.0
192,193,345.32482124616956,600.1297242083759,979,930,1103.0,1475,1079641.0
193,194,353.0218068535826,335.5711318795431,963,900,1069.0,2397,1029872.0
194,195,349.9938118811881,655.2648514851485,808,1024,1208.0,2574,976070.0
195,196,344.63988095238096,841.983630952381,672,907,1227.0,2132,824392.0
196,197,355.46342592592595,363.625,2160,869,1014.0,2495,2190642.0
197,198,349.6822721598003,801.9862671660425,1602,940,1142.0,2840,1830032.0
198,199,354.26002430133656,575.543134872418,823,967,1127.0,1752,927220.0
199,200,354.07894736842104,700.7905701754386,912,932,1215.0,4338,1107963.0
200,201,350.7622326930047,85.08010148604566,2759,896,1345.0,7100,3712112.0
201,202,353.09645232815967,270.219512195122,902,874,1172.0,2143,1056715.0
202,203,358.8406015037594,526.2586466165413,665,955,1151.0,3577,765508.0
203,204,364.79483037156706,938.4841141626279,1857,900,1083.0,2070,2010826.0
204,205,357.7962559860688,990.4292555507184,2297,861,1108.0,3615,2544936.0
205,206,360.67364532019707,549.8115763546798,812,956,1167.0,1932,947336.0
206,207,364.8816120906801,1038.112846347607,1985,883,1108.0,4240,2198665.0
207,208,363.46853146853147,306.71048951048954,715,921,1121.0,1988,801748.0
208,209,360.9918699186992,888.939837398374,615,952,1192.0,2074,733177.0
209,210,372.22919708029195,1181.4267639902675,2055,890,1050.0,2277,2157954.0
210,211,361.61056910569107,464.4065040650407,1230,858,1033.0,1408,1270243.0
211,212,367.77124868835256,822.8992654774397,953,954,1201.0,2465,1144718.0
212,213,361.79537366548044,675.8843416370107,562,1046,1335.0,2532,750254.0
213,214,367.8181818181818,857.6227272727273,440,1144,3675.0,13510,1617084.0
214,215,370.7939068100358,775.3793309438471,1674,931,1121.0,2216,1877071.0
215,216,368.2477341389728,873.1178247734139,331,1126,1679.0,3319,555737.0
216,217,374.93853658536585,494.6351219512195,1025,924,1151.0,2867,1179914.0
217,218,372.0414593698176,274.5273631840796,603,935,1734.0,12004,1045354.0
218,219,363.4738307349666,424.6453229398664,1796,847,1120.0,6636,2011251.0
219,220,378.515444015444,842.3610038610038,518,1082,2930.0,13538,1517844.0
220,221,382.74536585365854,598.1902439024391,1025,909,1219.0,2810,1249131.0
221,222,382.48340248962654,647.5477178423237,964,846,1240.0,2754,1195392.0
222,223,379.29615384615386,670.3,260,1279,1577.0,2697,410139.0
223,224,384.02048780487803,1140.4364227642277,3075,862,1094.0,2562,3364713.0
224,225,384.6743436204514,64.63749424228466,2171,917,1284.0,5222,2786813.0
225,226,386.45982575024203,1080.5353339787027,3099,887,1102.0,3254,3415598.0
226,227,379.2296675191816,17.89462915601023,1955,903,1070.0,2098,2090878.0
227,228,378.7590454195535,733.8737490377213,1299,925,1248.0,4735,1620995.0
228,229,383.34967012252594,904.5494816211121,1061,883,1134.0,1968,1203526.0
229,230,384.88386123680243,269.052790346908,663,931,3874.0,19187,2568498.0
230,231,382.28772919605075,705.0042313117066,709,1015,1286.0,4682,912046.0
231,232,390.8541666666667,623.2506720430108,1488,851,1100.0,2129,1637330.0
232,233,388.6957547169811,517.0141509433962,848,968,1106.0,1784,937760.0
233,234,386.16645161290324,548.9522580645162,775,973,1126.0,1408,872699.0
234,235,386.29829545454544,685.3181818181819,352,1143,1539.0,2559,541734.0
235,236,388.5146124523507,311.95298602287164,787,936,1205.0,5233,948596.0
236,237,391.80257510729615,868.2732474964234,699,1036,2084.0,6585,1456561.0
237,238,391.5025075225677,455.27382146439317,997,944,1862.0,7066,1856256.0
238,239,398.5551724137931,410.68333333333334,1740,862,1056.0,5671,1837919.0
239,240,401.6131221719457,578.501508295626,1326,886,1104.0,1696,1464414.0
240,241,404.901983663944,665.0676779463244,857,884,1260.0,2249,1079730.0
241,242,399.5855421686747,289.30602409638556,415,1123,1346.0,4646,558707.0
242,243,398.0159189580318,341.12952243125903,1382,874,1026.0,1459,1418498.0
243,244,406.3423913043478,692.2028985507246,552,967,1306.0,1745,720834.0
244,245,403.64125560538116,256.9291479820628,1115,926,1155.0,2051,1287643.0
245,246,407.9336609336609,833.2592137592137,1628,967,1183.0,2491,1925797.0
246,247,417.86293103448276,551.4706896551725,1160,874,1104.0,1648,1280197.0
247,248,406.9630225080386,732.0530546623794,622,1064,1321.0,3834,821852.0
248,249,404.9957264957265,765.591452991453,1170,956,1263.0,3394,1477809.0
249,250,414.6819085487078,876.596421471173,1006,991,1284.0,4755,1292183.0
250,251,412.893216080402,907.25,796,940,1472.0,4746,1172000.0
251,252,415.1958098307816,464.11281224818697,1241,884,1052.0,1704,1305020.0
252,253,416.03859060402687,39.66834451901566,1788,875,1077.0,2076,1925726.0
253,254,417.1692047377327,294.7326565143824,591,1057,3469.0,65535,2050367.0
254,255,418.0409090909091,505.26704545454544,880,909,1138.0,2078,1001555.0
255,256,420.4187919463087,334.6751677852349,745,911,1082.0,2404,805851.0
256,257,427.99530516431923,528.4854460093896,1065,866,1113.0,2248,1185210.0
257,258,418.40459770114944,715.0045977011495,435,1060,1323.0,2605,575596.0
258,259,421.88062387522496,929.747450509898,1668,877,1192.0,4406,1989036.0
259,260,431.2409638554217,692.4643188137164,1079,883,1108.0,2067,1195094.0
260,261,415.1703821656051,797.4554140127389,1259,915,1627.0,9323,2048893.0
261,262,429.58567415730334,249.8433988764045,1424,921,1121.0,3180,1595717.0
262,263,434.6074498567335,742.6131805157593,698,941,1344.0,3073,937926.0
263,264,428.62125340599454,488.5858310626703,734,909,1161.0,2052,852334.0
264,265,438.7936962750716,309.25358166189113,698,933,1490.0,4796,1040138.0
265,266,434.07480916030534,767.4793893129771,655,1122,1345.0,2155,881210.0
266,267,435.3400423728813,425.1006355932203,1888,835,1022.0,1523,1928797.0
267,268,446.43887147335425,722.6447230929989,957,889,1142.0,2638,1093020.0
268,269,447.05372894947874,808.7113071371291,1247,979,3205.0,14389,3997173.0
269,270,439.129614438064,26.255947497949137,1219,891,1218.0,3638,1485281.0
270,271,446.4076770350761,340.1158173395103,1511,919,1040.0,1683,1571353.0
271,272,444.8423645320197,286.36699507389164,812,963,1200.0,2145,974025.0
272,273,444.45919091554293,890.459190915543,1409,911,1363.0,5047,1920232.0
273,274,440.5801886792453,375.4941037735849,1696,871,1064.0,4617,1804207.0
274,275,450.4080944350759,481.7301854974705,1186,882,1112.0,3879,1319335.0
275,276,450.693407960199,841.1784825870647,1608,961,1387.0,6930,2230526.0
276,277,464.12738853503186,769.2059447983015,1884,898,1157.0,2479,2179731.0
277,278,465.3919885550787,17.767525035765377,1398,884,1126.0,2261,1573868.0
278,279,465.7247298156389,397.9281627463446,1573,884,1823.0,6963,2867173.0
279,280,471.1273161984459,873.554692169755,1673,923,1635.0,27725,2735432.0
280,281,464.4601270289344,241.53846153846155,1417,904,1102.0,2823,1560895.0
281,282,464.23887240356083,268.9406528189911,674,960,1131.0,1788,762565.0
282,283,466.0924548352816,444.230605738576,941,913,1068.0,2083,1005327.0
283,284,475.3520408163265,481.6079931972789,1176,853,1116.0,2427,1312285.0
284,285,475.34444444444443,305.3703703703704,1350,915,1084.0,2240,1463639.0
285,286,466.1588527302813,936.6751241036956,1813,902,1174.0,2389,2128973.0
286,287,489.43094841930116,281.19966722129783,601,989,1133.0,2327,681138.0
287,288,489.48291782086795,422.56325023084025,1083,902,1071.0,1501,1159915.0
288,289,481.7181688125894,352.0600858369099,1398,922,1041.0,1554,1455359.0
289,290,490.745652173913,456.17826086956524,460,909,1178.0,1849,542006.0
290,291,490.86996904024767,954.5758513931888,646,1043,1402.0,3232,905993.0
291,292,489.9334500875657,922.6112084063047,571,879,1545.0,3099,882379.0
292,293,492.1151586368978,986.4635722679201,1702,889,1186.0,3034,2018317.0
293,294,500.2742290748899,259.32709251101323,908,960,1200.0,2163,1089387.0
294,295,503.460407239819,331.99886877828055,884,927,1092.0,2170,965046.0
295,296,508.7448036951501,924.35103926097,866,899,1267.0,3079,1096958.0
296,297,509.0530303030303,445.53409090909093,528,975,1259.0,2153,664642.0
297,298,507.85849056603774,481.62349914236705,1166,863,1167.0,2099,1360579.0
298,299,508.5532710280374,361.90467289719624,535,951,1198.0,1912,641054.0
299,300,508.34541984732823,387.0687022900763,1048,886,1077.0,1957,1128481.0
300,301,508.21696113074205,228.81060070671379,1415,942,1115.0,1904,1577970.0
301,302,519.1540930979133,292.86677367576243,1246,922,1090.0,1640,1357781.0
302,303,509.3245116572149,1031.0661625708885,1587,901,1178.0,3598,1870146.0
303,304,525.5643564356436,946.3366336633663,1212,899,1392.0,2569,1687057.0
304,305,523.4505776636714,986.4261874197689,779,1015,1269.0,2490,988656.0
305,306,522.6499466382071,417.56029882604054,937,962,1402.0,13506,1313629.0
306,307,527.9608247422681,320.8546391752577,970,916,1097.0,2005,1063857.0
307,308,527.3487804878049,441.7926829268293,410,977,1760.0,6303,721401.0
308,309,532.3911525029104,471.0791618160652,859,881,1676.0,8655,1439689.0
309,310,533.3302107728338,1021.3138173302108,427,1223,1782.0,3171,761015.0
310,311,532.7676211453745,258.44933920704847,908,933,1206.0,3288,1094856.0
311,312,531.3716951788491,354.27838258164854,643,956,1075.0,1672,691347.0
312,313,531.52408477842,388.27938342967246,519,978,1419.0,5272,736623.0
313,314,533.8722891566265,212.27550200803213,1245,927,1108.0,2097,1379702.0
314,315,536.6296296296297,1003.2777777777778,594,1149,1586.0,3057,942309.0
315,316,544.8060836501901,451.47148288973386,263,970,2060.0,6758,541766.0
316,317,544.2033492822967,966.4186602870814,836,923,1342.0,1960,1121782.0
317,318,548.0434782608696,383.3875236294896,529,1045,2587.0,14268,1368584.0
318,319,548.520942408377,433.5628272251309,382,1245,4432.0,17783,1692891.0
319,320,543.3836734693878,1050.7183673469387,1225,880,1420.0,7696,1739964.0
320,321,550.0989010989011,337.1978021978022,546,905,1087.0,1563,593297.0
321,322,549.1491228070175,410.80043859649123,456,1493,6370.0,16102,2904793.0
322,323,557.2784134248665,272.20366132723115,1311,886,1062.0,1712,1392654.0
323,324,554.2154195011337,359.14285714285717,441,1042,1165.0,1803,513893.0
324,325,554.8104693140795,466.42238267148014,554,886,1269.0,3053,702752.0
325,326,556.3460144927536,223.5480072463768,1104,956,1108.0,2096,1223182.0
326,327,562.0754060324826,954.2111368909513,862,908,1244.0,1882,1072358.0
327,328,556.9673913043479,307.39130434782606,828,913,1065.0,1583,882131.0
328,329,559.2739726027397,1018.7299412915851,511,1234,4452.0,15094,2275014.0
329,330,564.2239747634069,399.801261829653,317,1860,6265.0,22797,1985888.0
330,331,565.4559270516718,425.4954407294833,329,1414,3077.0,9580,1012363.0
331,332,565.1887072808321,996.3313521545319,673,1102,1347.0,2997,906502.0
332,333,567.4334600760457,1034.9885931558936,263,1723,4366.0,13619,1148307.0
333,334,567.9462365591398,329.6666666666667,372,1041,1202.0,1713,447328.0
334,335,568.3389355742297,369.99719887955183,357,1173,1611.0,5639,574953.0
335,336,569.5753012048193,442.35843373493975,332,1651,3069.0,9158,1019044.0
336,337,570.4192439862543,386.92439862542955,291,1746,5407.0,19790,1573418.0
337,338,572.9496124031008,470.25839793281654,774,893,1227.0,4454,949793.0
338,339,571.0218068535826,1059.348909657321,963,923,1530.0,3081,1473854.0
339,340,572.8688679245283,215.9377358490566,1060,944,1092.0,1655,1157205.0
340,341,574.2236842105264,414.49122807017545,228,1680,4195.0,9621,956351.0
341,342,583.0795228628231,966.5019880715706,1006,909,1292.0,2147,1299554.0
342,343,576.5812807881773,350.96305418719214,406,1170,1507.0,3967,611652.0
343,344,589.296786389414,332.3062381852552,529,1134,1391.0,2060,735625.0
344,345,581.5269841269841,1029.3492063492063,315,1897,7389.0,24005,2327425.0
345,346,581.3830049261084,291.884236453202,812,910,1095.0,1815,889089.0
346,347,584.5698924731183,405.4874551971326,279,1792,4801.0,8351,1339461.0
347,348,587.7845433255269,375.6861826697892,427,2115,8717.0,31645,3721978.0
348,349,587.3638392857143,456.31919642857144,448,878,1543.0,7262,691386.0
349,350,591.2695035460993,987.7978723404256,564,1144,1885.0,5904,1063406.0
350,351,588.4059196617336,1011.892177589852,473,1193,1909.0,13369,903070.0
351,352,588.4466292134831,199.03277153558054,1068,927,1127.0,1882,1204121.0
352,353,593.194495412844,315.451376146789,545,1003,1185.0,1658,646073.0
353,354,589.0754098360655,424.6918032786885,305,1715,5482.0,33124,1672111.0
354,355,594.5287958115183,391.979057591623,382,1390,1920.0,8964,733375.0
355,356,594.2526690391459,436.5978647686833,281,1244,1688.0,5323,474202.0
356,357,597.8595890410959,352.6506849315069,584,1493,3659.0,7190,2137108.0
357,358,596.3068965517241,1036.5862068965516,290,1679,4033.0,23212,1169662.0
358,359,594.8693918245265,259.8095712861416,1003,893,1122.0,2970,1124949.0
359,360,597.3335684062059,1075.5204513399153,1418,913,1621.0,15602,2298688.0
360,361,603.373595505618,414.35955056179773,356,1334,5853.0,43317,2083765.0
361,362,598.8609179415855,235.57719054242003,719,960,1133.0,2494,814827.0
362,363,602.6860215053763,470.7064516129032,930,883,1144.0,2240,1063857.0
363,364,606.3501199040768,1019.9280575539568,417,1195,1676.0,5517,699035.0
364,365,605.6063218390805,1047.5459770114942,348,1856,6505.0,22738,2263912.0
365,366,612.1032258064516,282.21505376344084,930,895,1079.0,1855,1003885.0
366,367,615.3501639344262,192.35737704918031,1525,888,1259.0,4597,1919735.0
367,368,619.9015212169736,364.52842273819056,1249,1122,1922.0,7057,2400500.0
368,369,621.624076029567,396.37592397043295,947,911,1255.0,2098,1188545.0
369,370,610.7816901408451,444.0,284,1132,1344.0,1828,381673.0
370,371,612.882800608828,310.96042617960427,657,989,1209.0,1659,794337.0
371,372,615.5744476464938,989.0970220941402,1041,930,1876.0,9919,1952621.0
372,373,621.6024305555555,423.6892361111111,576,912,1849.0,6715,1065190.0
373,374,622.7066014669927,1034.5867970660147,409,1344,8870.0,48123,3627856.0
374,375,627.4489559164733,250.25174013921114,862,943,1133.0,2151,977058.0
375,376,623.2472826086956,1056.3722826086957,368,1473,3278.0,12842,1206483.0
376,377,626.7391304347826,443.731884057971,276,1090,1304.0,3101,360007.0
377,378,634.0270055599682,468.7251787132645,1259,874,1095.0,2244,1378530.0
378,379,628.9518987341772,222.6493670886076,790,1014,1254.0,2481,990316.0
379,380,630.8274706867671,309.35175879396985,597,986,1190.0,1939,710228.0
380,381,630.695810564663,1016.2386156648452,549,1267,1882.0,3473,1033426.0
381,382,631.567992599445,1080.313598519889,1081,929,1505.0,11408,1626440.0
382,383,642.106884057971,1045.4420289855072,552,1453,3039.0,12312,1677355.0
383,384,649.8358070500927,439.5398886827458,1078,857,1512.0,7940,1630219.0
384,385,642.4864559819413,988.1715575620767,886,929,1339.0,2437,1186703.0
385,386,638.0343347639486,333.5847639484979,932,1204,1452.0,1967,1353442.0
386,387,649.0901234567901,287.3666666666667,810,915,1088.0,1838,881139.0
387,388,651.6783439490446,308.8343949044586,314,1076,1270.0,1812,398786.0
388,389,652.6197183098592,1012.6366197183098,355,1374,1973.0,3284,700479.0
389,390,654.7740524781341,215.39795918367346,686,1084,1414.0,3901,970200.0
390,391,652.9377637130801,353.6413502109705,948,1078,1583.0,8587,1500791.0
391,392,654.7546641791045,262.05410447761193,1072,934,1088.0,1747,1166720.0
392,393,658.1607910576097,1085.073946689596,1163,879,1422.0,5768,1654169.0
393,394,654.925925925926,410.76176176176176,999,888,1127.0,2322,1125764.0
394,395,661.2203742203742,1045.3035343035342,481,1202,1532.0,4063,736809.0
395,396,657.6403186274509,185.30392156862746,1632,913,1207.0,4102,1969686.0
396,397,665.0355555555556,315.31111111111113,450,1041,1222.0,1733,549771.0
397,398,662.7218390804597,1027.8367816091954,435,1175,1617.0,3174,703512.0
398,399,660.8229571984435,234.51750972762645,514,1045,1945.0,9010,999674.0
399,400,666.8421733505821,989.8913324708926,773,898,1773.0,4425,1370144.0
400,401,665.7640871525169,383.7603305785124,1331,909,1080.0,2338,1437485.0
401,402,675.9476923076924,1015.1384615384616,325,1147,1489.0,2373,484004.0
402,403,679.6734475374732,1074.9871520342613,934,900,1358.0,2725,1268550.0
403,404,687.3597122302158,420.2661870503597,1807,812,1041.0,1554,1881223.0
404,405,677.245,347.995,400,1168,4423.0,10715,1769240.0
405,406,678.5353535353536,322.4015151515151,396,1107,1246.0,1599,493513.0
406,407,680.754128440367,251.4697247706422,545,969,1176.0,5459,641171.0
407,408,682.6078431372549,230.82072829131653,357,1009,1298.0,4134,463461.0
408,409,681.3523206751055,298.7236286919831,474,977,1152.0,1834,546146.0
409,410,685.6905158069884,367.70549084858567,601,939,1453.0,6444,873034.0
410,411,684.3822894168467,1047.622030237581,463,1134,1365.0,2557,631769.0
411,412,682.2408477842004,280.3815028901734,519,972,1095.0,1306,568205.0
412,413,688.7083888149134,994.4780292942743,751,1088,2953.0,5398,2217873.0
413,414,688.0081632653062,205.9408163265306,490,1120,1330.0,1990,651749.0
414,415,690.7986577181208,329.4026845637584,298,1157,1316.0,3795,392243.0
415,416,693.131970260223,1027.8382899628252,538,1059,1252.0,2467,673454.0
416,417,695.1217616580311,219.31865284974094,386,1073,1296.0,3805,500226.0
417,418,690.749500998004,176.36127744510978,1002,953,1241.0,2445,1243752.0
418,419,698.1008771929825,346.719298245614,456,1049,1349.0,4349,615157.0
419,420,694.144578313253,266.3072289156627,332,967,1201.0,2628,398815.0
420,421,703.7817047817048,305.5051975051975,481,1017,1283.0,3146,617163.0
421,422,705.3098159509202,283.5920245398773,326,986,1136.0,1471,370437.0
422,423,707.3116531165311,248.6178861788618,369,957,1112.0,1264,410206.0
423,424,716.1491085899514,320.837925445705,617,960,1728.0,7805,1066300.0
424,425,707.5356321839081,233.46666666666667,435,983,1260.0,1927,548226.0
425,426,704.7404343329886,1072.9906928645294,967,917,1514.0,4918,1464285.0
426,427,708.0314232902033,182.78743068391867,541,926,1244.0,3161,673239.0
427,428,710.0365853658536,263.6747967479675,246,1001,1223.0,1841,300874.0
428,429,706.3720472440945,990.9035433070866,508,2098,3040.0,4536,1544424.0
429,430,709.8661971830986,1044.6079812206572,426,1115,1512.0,2691,644184.0
430,431,721.9022670025189,374.8065491183879,1985,864,1038.0,1851,2059838.0
431,432,719.6897746967071,1010.5736568457539,577,1047,1455.0,2423,839424.0
432,433,718.0320987654321,1026.2913580246914,405,1060,1231.0,1908,498719.0
433,434,728.6672932330827,338.8157894736842,1064,917,1113.0,4858,1184312.0
434,435,719.7926829268292,203.5701219512195,328,1092,1295.0,2268,424892.0
435,436,728.2085062240664,292.6058091286307,964,904,1126.0,4560,1085264.0
436,437,724.7222222222222,174.82345679012346,810,862,1123.0,2595,910002.0
437,438,718.6459400146306,967.4681784930505,1367,894,1598.0,3279,2183961.0
438,439,729.3434190620272,265.1906202723147,661,889,1089.0,1555,719877.0
439,440,726.1386363636364,217.45909090909092,440,1091,1239.0,2030,545314.0
440,441,727.8800489596083,1070.8641370869034,817,907,1944.0,6484,1588477.0
441,442,733.7591911764706,993.7665441176471,544,1089,1712.0,3350,931110.0
442,443,732.8870151770658,238.00505902192242,593,916,1130.0,1840,669949.0
443,444,733.2489959839357,1035.214859437751,498,942,1265.0,2099,630105.0
444,445,744.4501607717042,189.2336548767417,933,886,1122.0,1731,1047206.0
445,446,744.9952229299363,1063.3296178343949,628,1009,2118.0,5043,1330305.0
446,447,750.8318385650224,222.85201793721973,446,967,1125.0,1317,501648.0
447,448,748.9875097580016,953.5854800936768,1281,891,1215.0,2197,1556525.0
448,449,754.1911357340721,1039.5927977839335,361,1088,1456.0,6683,525543.0
449,450,753.553317535545,263.1101895734597,844,916,1109.0,2067,936374.0
450,451,761.0823293172691,996.4056224899598,996,964,1206.0,3200,1201314.0
451,452,760.8584534731324,1019.4914809960682,763,1003,1225.0,2087,934606.0
452,453,764.6022443890274,199.56733167082294,802,921,1155.0,1960,926133.0
453,454,761.8141025641025,237.42307692307693,468,963,1138.0,1689,532563.0
454,455,757.3632718524459,305.6086607858861,1247,918,1080.0,1733,1347305.0
455,456,772.5168539325842,1067.8638466622604,1513,864,1312.0,4581,1985276.0
456,457,773.9887323943663,971.5239436619719,710,933,1190.0,1872,844851.0
457,458,768.1936017650303,344.4826254826255,1813,855,1035.0,1989,1876123.0
458,459,778.5261437908497,1036.575163398693,612,1087,1362.0,2167,833325.0
459,460,773.3408577878104,270.7742663656885,443,936,1121.0,2278,496471.0
460,461,779.673289183223,248.88741721854305,453,999,1168.0,2139,529140.0
461,462,779.0069832402235,934.5,1432,888,1186.0,3734,1698624.0
462,463,779.8523131672598,288.16192170818505,562,950,1109.0,2575,623006.0
463,464,785.7699316628701,203.17881548974944,878,941,1131.0,1579,993434.0
464,465,785.960687960688,229.21867321867322,407,1015,1227.0,1720,499281.0
465,466,799.782864617397,333.65271419228253,1529,872,1062.0,2182,1623542.0
466,467,796.9448979591837,267.9551020408163,490,1020,1187.0,2003,581613.0
467,468,798.0734214390602,970.8986784140969,681,975,1464.0,4271,997319.0
468,469,802.0782997762864,245.93959731543623,447,1188,2116.0,6452,946067.0
469,470,804.6900129701686,304.9390402075227,771,922,1131.0,2588,872088.0
470,471,807.9640768588137,995.264828738513,1197,936,1514.0,3296,1812005.0
471,472,812.0386774797255,1044.601996257018,1603,892,1561.0,4596,2501750.0
472,473,806.3507246376812,225.77101449275364,345,1068,1511.0,4066,521165.0
473,474,811.7672336615935,1016.2524619516562,1117,943,1313.0,2239,1467178.0
474,475,808.5124131082423,938.2254220456803,1007,931,1428.0,3486,1438170.0
475,476,812.408547008547,284.24957264957266,585,979,1204.0,2536,704516.0
476,477,813.9,198.28898305084746,1180,896,1497.0,5922,1766940.0
477,478,819.7389635316698,261.19001919385795,521,1066,1385.0,2524,721725.0
478,479,832.114301490889,959.487023743788,1811,830,1248.0,3260,2259913.0
479,480,824.5295454545454,230.54545454545453,440,1333,2517.0,6540,1107662.0
480,481,831.2929936305733,246.71337579617835,314,1133,1663.0,4018,522261.0
481,482,820.8060879368659,381.0236753100338,887,827,1073.0,2106,952042.0
482,483,827.1370745170193,354.9475620975161,1087,873,1151.0,1732,1251392.0
483,484,837.3540445486518,295.66354044548655,853,971,1274.0,2564,1086867.0
484,485,849.0916079436258,209.0903267136451,1561,905,1316.0,4825,2053664.0
485,486,844.2386058981233,259.65951742627345,373,1106,1276.0,1757,476093.0
486,487,850.5873786407767,377.54126213592235,412,1070,1265.0,1937,521361.0
487,488,837.8524436090225,408.09304511278197,1064,797,1059.0,1672,1126515.0
488,489,847.3456790123457,274.940329218107,486,1021,1300.0,2075,631691.0
489,490,853.0571596935769,321.1101944608132,1697,883,1205.0,2794,2045021.0
490,491,857.7571059431525,237.02713178294573,774,1109,1763.0,4738,1364692.0
491,492,858.5373291272344,349.89064143007363,951,965,1213.0,3058,1153784.0
492,493,857.5859872611464,394.29936305732485,314,1091,1273.0,1846,399763.0
493,494,867.0379146919431,255.43364928909952,422,1046,1281.0,1693,540762.0
494,495,871.2101769911504,288.728982300885,904,940,1109.0,1949,1002761.0
495,496,869.5905612244898,413.6313775510204,784,888,1277.0,2252,1001310.0
496,497,878.7966101694915,388.8601694915254,708,910,1285.0,4284,910054.0
497,498,882.7248062015503,251.59560723514213,774,993,1337.0,3080,1034545.0
498,499,885.5782472613458,358.47104851330204,1278,910,1920.0,7430,2453213.0
499,500,876.8083941605839,437.110401459854,1096,830,1156.0,2221,1267415.0
500,501,906.5627876397107,260.47534516765285,1521,883,1157.0,3323,1759459.0
501,502,904.8732106339469,422.86196319018404,978,893,1102.0,1865,1077530.0
502,503,901.4041687849517,464.9964412811388,1967,814,1038.0,2118,2042272.0
503,504,908.5508928571429,302.684375,2240,854,1038.0,1482,2325222.0
504,505,923.7392966360857,375.0474006116208,1308,857,1328.0,5320,1737117.0
505,506,917.0916568742656,399.39600470035253,851,917,1232.0,3632,1048413.0
506,507,929.116028708134,342.0219298245614,2508,846,981.0,1590,2461070.0
507,508,934.7641357027463,465.5654281098546,1238,881,1077.0,3401,1333144.0
508,509,942.6918128654971,414.37719298245617,1710,854,1029.0,3386,1759003.0
509,510,929.9754977029096,532.2327718223584,1306,855,1404.0,4885,1833911.0
510,511,936.545748116254,499.66523143164693,929,836,1250.0,2786,1161029.0
511,512,954.7632135306554,526.1014799154334,473,1268,1764.0,3341,834278.0
512,513,956.2085201793722,482.73318385650225,446,1022,2324.0,14389,1036619.0
513,514,949.9727011494252,554.6336206896551,696,894,1678.0,3080,1167805.0
514,515,954.2926447574334,571.0046948356808,639,847,1182.0,1893,755598.0
515,516,971.8567791215786,450.92870782940804,1571,868,994.0,1793,1561695.0
516,517,955.5881690140845,639.7729577464788,1775,845,1060.0,1815,1881142.0
517,518,966.3120728929385,506.0091116173121,439,1074,1378.0,1993,604818.0
518,519,961.1495535714286,590.6316964285714,896,829,1139.0,1795,1020590.0
519,520,978.288824383164,545.2641509433962,689,925,1422.0,2657,979555.0
520,521,981.0871794871795,477.9525641025641,780,860,1052.0,1979,820327.0
521,522,982.3835403726708,523.2717391304348,644,881,1175.0,1608,756676.0
522,523,984.3123636363637,410.1349090909091,2750,814,952.0,1593,2617572.0
523,524,989.5245901639345,571.5105386416861,854,979,1310.0,1846,1118863.0
524,525,974.3169934640523,608.2761437908497,612,864,1307.0,1918,799642.0
525,526,986.038418079096,651.3084745762712,885,928,1215.0,1986,1075473.0
526,527,986.2345679012345,626.6090534979423,486,968,1321.0,1908,642174.0
527,528,996.7324350336862,500.76419634263715,1039,885,1121.0,2225,1164808.0
528,529,995.6960556844548,599.6751740139212,431,1184,1410.0,2085,607710.0
529,530,991.2284615384615,680.58,1300,864,1116.0,1882,1450813.0
530,531,1016.3514602215508,622.4632426988923,993,906,1220.0,3108,1211655.0
531,532,1023.1533586818758,589.8219264892268,1578,868,1092.0,2282,1723477.0
532,533,1020.0538243626062,541.3561311210036,2471,854,1045.0,1593,2582764.0
533,534,1022.5278592375366,685.5857771260997,1364,844,1156.0,2847,1577072.0
534,535,1014.0418882978723,79.67320478723404,3008,848,1073.0,2343,3226758.0
535,536,1028.5587326120556,653.1669242658423,1294,930,1201.0,2388,1554296.0
536,537,1018.7239396117901,480.62329259525524,1391,863,1052.0,2727,1463770.0
537,538,1038.09900990099,442.63128712871287,2525,812,1220.0,6001,3079393.0
538,539,1044.4136936936936,118.83675675675676,2775,847,1023.0,1569,2837932.0
539,540,1052.4584915897992,488.75203472599026,1843,837,1073.0,1642,1976647.0
540,541,1061.9442535318824,634.6716303932799,2619,845,1076.0,2847,2817797.0
541,542,1068.852984524687,43.0659543109801,2714,859,1123.0,3389,3049071.0
542,543,1076.6548802946593,519.9510128913444,2715,860,1209.0,5261,3281084.0
543,544,1066.14789687924,589.1099050203528,1474,896,1338.0,3456,1972866.0
544,545,1082.7827967323403,555.2431523306103,2081,877,1370.0,5320,2850436.0
545,546,1085.1882041086812,72.96819085487077,1509,898,1099.0,1557,1658573.0
546,547,1101.8747884940778,590.2684715172024,1773,904,1236.0,3455,2191345.0
547,548,1092.2647379912664,117.42248908296943,1832,855,1027.0,2655,1882237.0
548,549,1103.5068540095956,154.45510623714873,2918,809,1020.0,3003,2977384.0
549,550,1114.9316628701595,94.6461655277145,1317,906,1070.0,1445,1409207.0
550,551,1130.5299719887955,58.07955182072829,1785,916,1145.0,2767,2043056.0
551,552,1136.0245546461242,201.4617236398652,2077,865,1032.0,1697,2142841.0
552,553,1145.0397295012679,1205.6382079459001,2366,872,1055.0,2031,2495855.0
553,554,1144.8690257352941,1169.8313419117646,2176,854,1066.0,1952,2319597.0
554,555,1144.7394366197184,242.6495124593716,1846,881,1072.0,2247,1978060.0
555,556,1155.3460912052117,91.17182410423453,1228,928,1267.0,5349,1555868.0
556,557,1154.7333725721012,166.59564449676282,1699,852,1043.0,1465,1771467.0
557,558,1154.0029197080291,124.56277372262774,1370,851,1137.0,2160,1557326.0
558,559,1165.9944690265486,46.5016592920354,1808,901,1122.0,1744,2028223.0
559,560,1176.1776556776556,247.11294261294262,1638,862,1077.0,2098,1763974.0
560,561,1167.7343211578223,1134.211578221916,2902,864,1046.0,1894,3035426.0
561,562,1173.8933579335794,1061.377859778598,2710,869,1014.0,1990,2746951.0
562,563,1179.704099821747,138.3065953654189,561,945,1266.0,2534,710279.0
563,564,1187.3301476976542,177.8401390095569,1151,891,1080.0,1816,1243100.0
564,565,1185.8321775312068,82.54507628294036,721,939,1844.0,6231,1329214.0
565,566,1186.2803921568627,111.48823529411764,510,1304,2156.0,3679,1099440.0
566,567,1197.3006993006993,203.37296037296036,1287,867,1071.0,2179,1378644.0
567,568,1203.5663082437277,130.8405017921147,558,1114,2835.0,8027,1581891.0
568,569,1201.3490980009751,36.93856655290102,2051,895,1195.0,3095,2451752.0
569,570,1199.4786324786326,94.58404558404558,351,1031,1802.0,3478,632342.0
570,571,1208.5515898767035,233.0798182998053,1541,908,1075.0,1771,1656083.0
571,572,1196.1196283391405,1179.382694541231,1722,869,1038.0,1448,1787404.0
572,573,1204.8074369189908,150.83001328021248,753,904,1372.0,2469,1033041.0
573,574,1199.6448237885463,1105.9421806167402,1816,862,1046.0,1720,1899614.0
574,575,1204.520151730678,1019.1441441441441,2109,874,1060.0,1633,2234653.0
575,576,1213.1742574257426,111.31683168316832,505,1482,3009.0,7754,1519602.0
576,577,1216.7692307692307,87.89349112426035,338,1117,1464.0,3508,494922.0
577,578,1225.848773841962,1176.9066757493188,1468,895,1058.0,2581,1552575.0
578,579,1220.019008825526,1061.7101154107263,1473,869,1107.0,2196,1630856.0
579,580,1229.2903967797586,1122.6992524439333,1739,865,1054.0,1823,1833698.0
580,581,1224.1397109428767,1212.8479008947006,1453,883,1085.0,3131,1575828.0
581,582,1226.8758568164508,66.52703731911653,1313,872,1163.0,1965,1526400.0
582,583,1227.5657311669129,173.90768094534712,1354,879,1084.0,2094,1468327.0
583,584,1228.2456896551723,108.16379310344827,464,1263,2420.0,3807,1122939.0
584,585,1237.5894117647058,143.44,850,1040,1977.0,4177,1680291.0
585,586,1243.532942898975,106.27672035139092,683,1116,2053.0,4920,1402082.0
586,587,1239.0347721822543,1033.574340527578,834,908,1233.0,1958,1028010.0
587,588,1248.654077942949,222.2627561269586,2489,875,1074.0,2329,2674047.0
588,589,1256.7911025145067,80.38588007736944,1034,924,1345.0,3346,1390720.0
589,590,1252.6154345006485,1094.3385214007783,1542,892,1068.0,2307,1647611.0
590,591,1260.806331471136,1030.9627560521415,537,1039,1679.0,3332,901733.0
591,592,1259.9655172413793,1053.2266009852217,609,910,1868.0,3319,1137335.0
592,593,1259.648746968472,523.5832659660468,2474,856,1080.0,2102,2670845.0
593,594,1266.669067987393,1187.8257541647906,2221,874,1045.0,2155,2321185.0
594,595,1260.899200983405,1000.4880147510756,1627,861,1162.0,3006,1891360.0
595,596,1268.8915555555554,133.61244444444444,1125,1070,1923.0,4570,2162967.0
596,597,1269.1842410196987,157.57242178447277,863,977,1340.0,2866,1156383.0
597,598,1264.2663139329807,1071.0299823633156,567,945,1909.0,4652,1082210.0
598,599,1268.9994815966822,560.6962156557802,1929,874,1221.0,2469,2355197.0
599,600,1275.8792650918635,202.05708661417322,1524,926,1386.0,5178,2112555.0
600,601,1264.9493433395871,601.3589743589744,1599,907,1206.0,3578,1928855.0
601,602,1283.2558459422282,89.14924346629986,1454,908,1625.0,5613,2362678.0
602,603,1270.944066515495,1154.3824640967498,1323,869,1063.0,1586,1405992.0
603,604,1277.9212827988338,172.83236151603498,686,915,1322.0,2663,906756.0
604,605,1279.5828295042322,1124.962515114873,1654,897,1042.0,2046,1722808.0
605,606,1291.1225296442688,1064.9802371541502,759,917,1835.0,5655,1392586.0
606,607,1294.1814415907209,118.53024026512013,1207,957,2027.0,5032,2446260.0
607,608,1291.189371257485,607.2694610778443,1336,955,1655.0,6434,2211450.0
608,609,1288.4547511312217,1011.2782805429864,884,950,1380.0,2611,1219912.0
609,610,1295.6860425819534,491.32984116255494,2959,851,1067.0,2501,3157017.0
610,611,1292.8871201157742,1042.2547033285093,691,1004,2133.0,4466,1474205.0
611,612,1304.0512236767217,1091.7188389299943,1757,867,1085.0,1906,1907011.0
612,613,1302.987854251012,186.0091093117409,988,935,1614.0,5169,1594258.0
613,614,1318.8655804480652,1009.1004752206381,1473,901,1463.0,4016,2155146.0
614,615,1319.1560830860535,1142.1216617210682,1685,891,1067.0,2655,1797366.0
615,616,1316.4327689243028,1180.8421314741036,2008,898,1062.0,3118,2132067.0
616,617,1328.198056801196,183.15919282511211,1338,872,1266.0,5075,1694278.0
617,618,1326.7707682698313,1045.0024984384759,1601,894,1298.0,6735,2077985.0
618,619,1321.5618262523778,556.8693722257451,1577,936,1223.0,2162,1928296.0
619,620,1318.5853403141361,585.744502617801,955,955,1545.0,6678,1475152.0
620,621,1318.609071274298,617.292656587473,926,1276,4613.0,10407,4271224.0
621,622,1328.747592498733,147.96046629498227,1973,865,1900.0,7479,3748050.0
622,623,1335.966463414634,529.1193379790941,2296,900,1170.0,2990,2686559.0
623,624,1340.047619047619,604.3727422003284,609,941,2257.0,7017,1374698.0
624,625,1353.8579676674365,587.6512702078522,866,909,1464.0,3547,1268069.0
625,626,1358.5965934558494,635.6051098162259,2231,864,1532.0,4614,3418025.0
626,627,1374.9224855861628,584.7027546444587,1561,912,1283.0,2836,2003252.0
627,628,1404.9316792520676,569.8741459906508,2781,853,1166.0,3110,3241787.0
628,629,1523.8598210481466,944.0191734128675,2347,893,1269.0,3065,2978465.0
629,630,1556.9518941671677,939.6933253156946,1663,917,1360.0,3304,2261665.0
630,631,1581.7111197511665,897.3398133748055,2572,880,1175.0,2384,3020995.0
631,632,1572.6007243096424,1111.3110004526936,2209,903,1229.0,3361,2715874.0
632,633,1586.546424759872,938.3361792956243,937,935,1455.0,2846,1363476.0
633,634,1587.3570608495982,975.4213547646383,871,944,1217.0,2672,1059740.0
634,635,1601.167741935484,1114.4851612903226,775,1063,1916.0,6650,1484847.0
635,636,1598.3963963963963,959.7117117117117,444,1039,1320.0,2783,586194.0
636,637,1597.4679841897232,1012.3146245059288,1265,904,1146.0,2770,1450094.0
637,638,1614.9947043248014,935.1738746690203,1133,884,1136.0,2165,1287318.0
638,639,1598.0210396039604,1079.0977722772277,808,942,1617.0,7165,1306251.0
639,640,1603.7985781990521,988.9928909952606,422,960,1499.0,8046,632571.0
640,641,1618.3112449799196,1100.8855421686746,498,1614,3234.0,6900,1610527.0
641,642,1607.6883509833585,1062.072617246596,661,1008,1506.0,3729,995269.0
642,643,1621.734649122807,966.1535087719299,456,942,1545.0,7949,704395.0
643,644,1621.5477707006369,1018.1210191082803,628,990,1307.0,2991,820812.0
644,645,1614.4015691868758,1157.651212553495,1402,906,1798.0,5798,2520777.0
645,646,1625.2691029900332,987.827242524917,301,1591,7295.0,14502,2195857.0
646,647,1614.9973992197658,1045.5240572171651,769,968,1206.0,2510,927596.0
647,648,1625.5181518151815,1082.0363036303631,303,1495,2543.0,4478,770630.0
648,649,1620.5582608695652,1127.2417391304348,575,1498,2511.0,5475,1443862.0
